antecedents,consequents,antecedent support,consequent support,support,confidence,lift,representativity,leverage,conviction,zhangs_metric,jaccard,certainty,kulczynski
"frozenset({'High_Poverty', 'Low_Education'})",frozenset({'High_Unemployment'}),0.06770310932798396,0.21715145436308927,0.059679037111334,0.8814814814814814,4.05929347361218,1.0,0.04497720845585905,6.605284603811431,0.8083816635852834,0.2650334075723831,0.8486060692338718,0.5781541356599094
frozenset({'High_Poverty'}),frozenset({'High_Unemployment'}),0.0802407221664995,0.21715145436308927,0.06268806419257773,0.78125,3.5977193995381063,1.0,0.04526367467497779,3.5787362086258776,0.7850381679389312,0.2670940170940171,0.7205717488789237,0.5349668013856813
frozenset({'High_Poverty'}),"frozenset({'High_Unemployment', 'Low_Education'})",0.0802407221664995,0.2136409227683049,0.059679037111334,0.74375,3.4813086854460096,1.0,0.04253633518408787,3.068718350172469,0.7749328739129239,0.25481798715203424,0.6741310586734695,0.5115463615023474
"frozenset({'Urban', 'High_Unemployment'})","frozenset({'Low_Education', 'Medium_Poverty'})",0.12086258776328987,0.28736208625877635,0.07973921765295888,0.6597510373443984,2.2958875540396693,1.0,0.045007892282665454,2.094460209897987,0.642036831738583,0.24274809160305347,0.5225500129941805,0.4686189741695814
"frozenset({'High_Unemployment', 'Urban', 'Low_Education'})",frozenset({'Medium_Poverty'}),0.11985957873620863,0.30541624874623874,0.07973921765295888,0.6652719665271967,2.17824680009069,1.0,0.0431321547390416,2.075068956870612,0.6145782938235768,0.23076923076923078,0.5180883041554009,0.4631778551847806
"frozenset({'Urban', 'High_Unemployment'})",frozenset({'Medium_Poverty'}),0.12086258776328987,0.30541624874623874,0.0802407221664995,0.6639004149377593,2.1737560384004793,1.0,0.043327323998072445,2.066601037680944,0.6142006560182544,0.23188405797101447,0.5161136659825936,0.4633130974524593
"frozenset({'Medium_Poverty', 'Low_Crime', 'Low_Unemployment', 'Low_Education'})",frozenset({'Rural'}),0.08425275827482448,0.2913741223671013,0.05265797392176529,0.6249999999999999,2.145008605851979,1.0,0.028108900422430777,1.8896690070210624,0.5829134720700985,0.16304347826086954,0.4708067940552016,0.4028614457831325
frozenset({'High_Unemployment'}),"frozenset({'Medium_Poverty', 'Low_Education'})",0.21715145436308927,0.28736208625877635,0.13239719157472418,0.6096997690531178,2.121712634366347,1.0,0.06999609661481938,1.8258711044375733,0.6753319550404752,0.3557951482479785,0.45231621357629626,0.5352163766731558
"frozenset({'Medium_Poverty', 'Low_Crime', 'Low_Education'})",frozenset({'Rural'}),0.14593781344032097,0.2913741223671013,0.08876629889669008,0.6082474226804123,2.087513529818833,1.0,0.04624379658534279,1.8088607929050304,0.6099803935228958,0.25467625899280577,0.44716586045629314,0.4564472913746296
"frozenset({'Low_Crime', 'High_Unemployment'})",frozenset({'Rural'}),0.10531594784353059,0.2913741223671013,0.06369107321965897,0.6047619047619047,2.075551184329153,1.0,0.03300473134549083,1.7929088470229964,0.5791991808198863,0.19126506024096385,0.4422471607184983,0.411675272518646
"frozenset({'Low_Crime', 'High_Unemployment', 'Low_Education'})",frozenset({'Rural'}),0.10230692076228685,0.2913741223671013,0.06168505516549649,0.6029411764705882,2.069302419763086,1.0,0.03187546591630458,1.7846873955198927,0.5756370077667257,0.18580060422960723,0.43967778194080176,0.40732256758124935
"frozenset({'High_Unemployment', 'Low_Education'})",frozenset({'Medium_Poverty'}),0.2136409227683049,0.30541624874623874,0.13239719157472418,0.619718309859155,2.0290941048590394,1.0,0.0671477823641436,1.8264980125561874,0.6449588358070502,0.3424124513618677,0.45250419484415527,0.5266079234024839
frozenset({'High_Unemployment'}),frozenset({'Medium_Poverty'}),0.21715145436308927,0.30541624874623874,0.1328986960882648,0.6120092378752887,2.003852906934853,1.0,0.06657711348690001,1.7902069303147539,0.6399211922691066,0.341055341055341,0.44140535763417016,0.5235744054729481
"frozenset({'Medium_Crime', 'Low_Education'})",frozenset({'Medium_Poverty'}),0.160481444332999,0.30541624874623874,0.09779338014042126,0.609375,1.9952278325123152,1.0,0.048779739418858374,1.778134403209629,0.5941549489936586,0.2656675749318801,0.43761281588447654,0.46478602216748766
"frozenset({'Low_Crime', 'High_Unemployment', 'Low_Education'})",frozenset({'Medium_Poverty'}),0.10230692076228685,0.30541624874623874,0.06168505516549649,0.6029411764705882,1.974162078624553,1.0,0.03043885920550015,1.7493220401946579,0.5496934187218967,0.17826086956521736,0.42834996814610315,0.40245580991017094
"frozenset({'High Education', 'Low_Poverty'})","frozenset({'Low_Crime', 'Low_Unemployment', 'Urban'})",0.1760280842527583,0.48495486459378134,0.14944834503510532,0.849002849002849,1.7506842615425862,1.0,0.06408266927160619,3.410959292973258,0.5203997434713876,0.292156862745098,0.7068273426598645,0.5785862228468226
frozenset({'High Education'}),"frozenset({'Low_Poverty', 'Low_Crime', 'Low_Unemployment', 'Urban'})",0.20661985957873621,0.43981945837512537,0.14944834503510532,0.7233009708737864,1.6445406338909123,1.0,0.0585729103056411,2.024512132889898,0.49399706428868395,0.30070635721493444,0.5060538369940287,0.5315478628599263
"frozenset({'High Education', 'Low_Unemployment'})","frozenset({'Low_Poverty', 'Low_Crime', 'Urban'})",0.20310932798395184,0.44784353059177534,0.14944834503510532,0.7358024691358025,1.642990059862027,1.0,0.05848714649464945,2.0899380384143083,0.4911007302723,0.298,0.5215169150379566,0.5347545380393458
frozenset({'High Education'}),"frozenset({'Low_Crime', 'Low_Unemployment', 'Urban'})",0.20661985957873621,0.48495486459378134,0.1629889669007021,0.7888349514563107,1.62661519462656,1.0,0.06278766087630998,2.439064319394966,0.4855509092677235,0.3083491461100569,0.5900067119804123,0.5624629772793446
frozenset({'High Education'}),"frozenset({'Low_Poverty', 'Low_Crime', 'Urban'})",0.20661985957873621,0.44784353059177534,0.14944834503510532,0.7233009708737864,1.615075180204177,1.0,0.05691497763098724,1.9955128543525311,0.48001425432084094,0.2959285004965243,0.4988756911192826,0.5285037889083377
"frozenset({'High Education', 'Low_Poverty', 'Low_Unemployment'})","frozenset({'Low_Crime', 'Urban'})",0.1760280842527583,0.526579739217653,0.14944834503510532,0.849002849002849,1.6122968389635055,1.0,0.05675552233430481,3.1352926704642217,0.46089776844616365,0.27017225747960105,0.6810505094403398,0.5664061864061863
"frozenset({'High Education', 'Low_Poverty'})","frozenset({'Low_Crime', 'Urban'})",0.1760280842527583,0.526579739217653,0.14944834503510532,0.849002849002849,1.6122968389635055,1.0,0.05675552233430481,3.1352926704642217,0.46089776844616365,0.27017225747960105,0.6810505094403398,0.5664061864061863
"frozenset({'High Education', 'Low_Crime'})","frozenset({'Low_Poverty', 'Low_Unemployment', 'Urban'})",0.19107321965897692,0.4889669007021063,0.14944834503510532,0.7821522309711286,1.5996015882630057,1.0,0.0560198650112826,2.3458266365361147,0.4633847472507355,0.28166351606805295,0.5737110388188719,0.5438966283060771
"frozenset({'High Education', 'Low_Crime', 'Low_Unemployment'})","frozenset({'Low_Poverty', 'Urban'})",0.18806419257773319,0.5010030090270813,0.14944834503510532,0.7946666666666667,1.5861514848181515,1.0,0.05522761866341251,2.4301801508421375,0.4551384357731801,0.2769516728624535,0.5885078726968176,0.5464824824824825
"frozenset({'Low_Poverty', 'Rural'})","frozenset({'Low_Crime', 'Low_Unemployment', 'Low_Education'})",0.11334002006018054,0.46238716148445336,0.08274824473420261,0.7300884955752213,1.5789549459620296,1.0,0.030341274575984734,1.9918115000739927,0.41354038118744013,0.167853509664293,0.4979444591203276,0.4545236404123395
frozenset({'High Education'}),"frozenset({'Low_Poverty', 'Low_Unemployment', 'Urban'})",0.20661985957873621,0.4889669007021063,0.15947843530591777,0.7718446601941747,1.578521284540702,1.0,0.0584481629441987,2.2398472011780024,0.46194213200391193,0.29747427502338636,0.553540973922654,0.5489992531740104
"frozenset({'High Education', 'Low_Unemployment'})","frozenset({'Low_Poverty', 'Urban'})",0.20310932798395184,0.5010030090270813,0.15947843530591777,0.7851851851851853,1.5672264857450044,1.0,0.05772005082448953,2.322917026942899,0.4541778975741241,0.292817679558011,0.5695067932253864,0.5517517517517518
"frozenset({'High Education', 'Low_Crime'})","frozenset({'Low_Poverty', 'Urban'})",0.19107321965897692,0.5010030090270813,0.14944834503510532,0.7821522309711286,1.561172721277708,1.0,0.053720087041465414,2.2905765489238803,0.44436145911782204,0.2754158964879852,0.563428692016513,0.5402252646347134
"frozenset({'High Education', 'Urban'})","frozenset({'Low_Poverty', 'Low_Crime', 'Low_Unemployment'})",0.17903711133400202,0.5391173520561685,0.14944834503510532,0.8347338935574229,1.5483343104683733,1.0,0.052926331652932715,2.788730598575386,0.4313771713684797,0.26278659611992944,0.6414139105043539,0.5559715979415021
"frozenset({'High Education', 'Low_Poverty'})","frozenset({'Low_Unemployment', 'Urban'})",0.1760280842527583,0.5877632898696088,0.15947843530591777,0.905982905982906,1.5414077769026575,1.0,0.056015589396071874,4.3846995532050705,0.42627958520423986,0.26390041493775934,0.7719342025911369,0.5886569820016919
frozenset({'High Education'}),"frozenset({'Low_Poverty', 'Urban'})",0.20661985957873621,0.5010030090270813,0.15947843530591777,0.7718446601941747,1.5405988512784627,1.0,0.055961263932217925,2.1870931944770478,0.44228705006798175,0.29094236047575484,0.5427721129921451,0.5450814892562466
"frozenset({'High Education', 'Low_Crime', 'Urban'})","frozenset({'Low_Poverty', 'Low_Unemployment'})",0.16399197592778336,0.5927783350050151,0.14944834503510532,0.91131498470948,1.5373621654066862,1.0,0.052237454590451385,4.591775325977928,0.418100272562937,0.24607762180016512,0.7822193097422453,0.5817150219655691
"frozenset({'Low_Poverty', 'High Education', 'Low_Crime'})","frozenset({'Low_Unemployment', 'Urban'})",0.16599799398194584,0.5877632898696088,0.14944834503510532,0.9003021148036253,1.5317426765515605,1.0,0.05188081798052131,4.134859122823013,0.41624459717418594,0.24730290456431536,0.7581537918715681,0.5772841632038604
"frozenset({'High Education', 'Low_Unemployment'})","frozenset({'Low_Crime', 'Urban'})",0.20310932798395184,0.526579739217653,0.1629889669007021,0.8024691358024691,1.5239271017048794,1.0,0.05603570993824,2.396690070210632,0.4314276032337707,0.2876106194690265,0.5827578991420799,0.5559964726631393
"frozenset({'High Education', 'Low_Unemployment', 'Urban'})","frozenset({'Low_Poverty', 'Low_Crime'})",0.17803410230692077,0.5551654964894684,0.14944834503510532,0.8394366197183099,1.512047533620876,1.0,0.05060995423582683,2.7704605043199773,0.4119941362182702,0.25601374570446733,0.6390491766835511,0.5543163225059481
frozenset({'High Education'}),"frozenset({'Low_Crime', 'Urban'})",0.20661985957873621,0.526579739217653,0.16399197592778336,0.7936893203883495,1.507253814147018,1.0,0.05519014415362436,2.29469585226267,0.42418724411092673,0.2881057268722467,0.5642123992101366,0.5525589459084604
"frozenset({'High Education', 'Urban'})","frozenset({'Low_Poverty', 'Low_Crime'})",0.17903711133400202,0.5551654964894684,0.14944834503510532,0.8347338935574229,1.503576679090787,1.0,0.05005311823132384,2.6916257246315203,0.40795898537593306,0.25557461406518006,0.6284773210298773,0.5519649594255046
"frozenset({'High Education', 'Urban'})","frozenset({'Low_Poverty', 'Low_Unemployment'})",0.17903711133400202,0.5927783350050151,0.15947843530591777,0.8907563025210085,1.5026802599212274,1.0,0.053349114545240536,3.7276444718771713,0.4074757091319832,0.26044226044226043,0.7317340729395208,0.5798959177579661
frozenset({'High_Crime'}),"frozenset({'Urban', 'Low_Education'})",0.07221664994984955,0.5295887662988967,0.05717151454363089,0.7916666666666665,1.4948705808080804,1.0,0.01892638799045078,2.257973921765294,0.35681365576102403,0.10497237569060772,0.5571250888415064,0.44981060606060597
"frozenset({'High Education', 'Low_Crime', 'Low_Unemployment', 'Urban'})",frozenset({'Low_Poverty'}),0.1629889669007021,0.6143430290872618,0.14944834503510532,0.916923076923077,1.4925262166405024,1.0,0.04931720940152454,4.642167242468147,0.39425408455008626,0.2380191693290735,0.7845833750125039,0.580094191522763
frozenset({'High Education'}),"frozenset({'Low_Unemployment', 'Low_Poverty', 'Low_Crime'})",0.20661985957873621,0.5391173520561685,0.16599799398194584,0.8033980582524272,1.4902099796793857,1.0,0.054605642403640214,2.3442426043562783,0.41462296760000156,0.28633217993079585,0.5734229903757777,0.5556525174983066
"frozenset({'High Education', 'Low_Crime', 'Urban'})",frozenset({'Low_Poverty'}),0.16399197592778336,0.6143430290872618,0.14944834503510532,0.91131498470948,1.4833976159271045,1.0,0.04870101779762556,4.348614809947078,0.38979519532335133,0.2376395534290271,0.7700417158786778,0.5772901454159645
frozenset({'Low_Poverty'}),"frozenset({'Low_Crime', 'Low_Unemployment', 'Urban'})",0.6143430290872618,0.48495486459378134,0.43981945837512537,0.7159183673469388,1.476257729565456,1.0,0.14189081788997887,1.8130180772201665,0.836524503531219,0.6669201520912548,0.44843351946426097,0.8114235063208324
"frozenset({'Low_Crime', 'Low_Unemployment', 'Urban'})",frozenset({'Low_Poverty'}),0.48495486459378134,0.6143430290872618,0.43981945837512537,0.9069286452947259,1.476257729565456,1.0,0.14189081788997887,4.143669898584642,0.6263752124785856,0.6669201520912548,0.7586680347434116,0.8114235063208324
"frozenset({'High Education', 'Low_Unemployment'})","frozenset({'Low_Poverty', 'Low_Crime'})",0.20310932798395184,0.5551654964894684,0.16599799398194584,0.817283950617284,1.4721447132166794,1.0,0.05323870307009293,2.4345672151589905,0.4024629296199895,0.28027095681625736,0.5892493771486632,0.5581451370069257
"frozenset({'Low_Crime', 'Low_Unemployment', 'Urban', 'Low_Education'})",frozenset({'Low_Poverty'}),0.32196589769307926,0.6143430290872618,0.2903711133400201,0.9018691588785047,1.4680221247377456,1.0,0.09257360848845433,3.930028179777429,0.47019958917129107,0.44953416149068326,0.7455488983143542,0.6872611100514973
frozenset({'High Education'}),"frozenset({'Low_Unemployment', 'Urban'})",0.20661985957873621,0.5877632898696088,0.17803410230692077,0.8616504854368932,1.465982139898605,1.0,0.05659053388852617,2.9796758697144057,0.40064457541710446,0.28885272579332794,0.6643930267167457,0.5822757546638391
"frozenset({'High Education', 'Low_Crime'})","frozenset({'Low_Poverty', 'Low_Unemployment'})",0.19107321965897692,0.5927783350050151,0.16599799398194584,0.8687664041994752,1.465583933987947,1.0,0.052733928968449986,3.103029087261787,0.3927155307237457,0.2686688311688311,0.6777342487361495,0.5744001225735108
"frozenset({'High Education', 'Low_Unemployment', 'Urban'})",frozenset({'Low_Poverty'}),0.17803410230692077,0.6143430290872618,0.15947843530591777,0.895774647887324,1.4581017533774072,1.0,0.0501044256138526,3.7002222884870837,0.3822260850879314,0.25198098256735346,0.7297459660433342,0.577683242311009
"frozenset({'High Education', 'Low_Crime'})","frozenset({'Low_Unemployment', 'Urban'})",0.19107321965897692,0.5877632898696088,0.1629889669007021,0.8530183727034122,1.4512957637974437,1.0,0.050683142707963424,2.8046819028514136,0.3844112737851115,0.26465798045602607,0.6434533274581556,0.5651610634848119
"frozenset({'High Education', 'Urban'})",frozenset({'Low_Poverty'}),0.17903711133400202,0.6143430290872618,0.15947843530591777,0.8907563025210085,1.4499331161035844,1.0,0.04948823400995364,3.5302445798935285,0.37798665298924633,0.25158227848101267,0.7167335074471923,0.5751740696278511
"frozenset({'High Education', 'Low_Poverty'})","frozenset({'Low_Crime', 'Low_Unemployment'})",0.1760280842527583,0.6504513540621866,0.16599799398194584,0.943019943019943,1.4497931891918012,1.0,0.051500288226766555,6.13457873620862,0.3765255142663281,0.2513287775246773,0.8369896217815872,0.5991121303380362
frozenset({'High Education'}),"frozenset({'Low_Poverty', 'Low_Crime'})",0.20661985957873621,0.5551654964894684,0.16599799398194584,0.8033980582524272,1.4471325457591144,1.0,0.05128977705433249,2.2626150055103578,0.389445460830109,0.2786195286195286,0.5580335153949715,0.5512021908244973
"frozenset({'High Education', 'Low_Poverty', 'Urban'})","frozenset({'Low_Crime', 'Low_Unemployment'})",0.15947843530591777,0.6504513540621866,0.14944834503510532,0.9371069182389936,1.4407025404537805,1.0,0.04571538084665229,5.557823470411225,0.3639337828963175,0.22627182991647682,0.8200734504570348,0.5834339525659116
frozenset({'High Education'}),"frozenset({'Low_Poverty', 'Low_Unemployment'})",0.20661985957873621,0.5927783350050151,0.1760280842527583,0.8519417475728156,1.4372012222167463,1.0,0.05354830791270501,2.750415179966129,0.3834267993560029,0.2823813354786806,0.6364185279066432,0.5744480311468139
"frozenset({'High Education', 'Low_Crime', 'Low_Unemployment'})",frozenset({'Low_Poverty'}),0.18806419257773319,0.6143430290872618,0.16599799398194584,0.8826666666666667,1.4367651700680273,1.0,0.0504620682508911,3.2868491839153835,0.3744040276997662,0.26083530338849487,0.6957572605114869,0.57643537414966
"frozenset({'Low_Poverty', 'Rural'})","frozenset({'Low_Crime', 'Low_Education'})",0.11334002006018054,0.5646940822467402,0.09077231695085256,0.8008849557522124,1.4182634118738113,1.0,0.02676987834114178,2.1862030536052606,0.33261043473913154,0.15456874466268147,0.5425859467395294,0.48081547965230514
"frozenset({'High Education', 'Low_Crime'})",frozenset({'Low_Poverty'}),0.19107321965897692,0.6143430290872618,0.16599799398194584,0.8687664041994752,1.4141389469173498,1.0,0.048613493439194216,2.938706118355067,0.36203018151237215,0.2596078431372549,0.6597141872220461,0.5694852429160642
"frozenset({'Low_Poverty', 'Rural', 'Low_Unemployment'})","frozenset({'Low_Crime', 'Low_Education'})",0.10381143430290872,0.5646940822467402,0.08274824473420261,0.7971014492753624,1.4115633124823026,1.0,0.024126542113803807,2.145436308926781,0.3253395736887624,0.14126712328767124,0.5338943431510054,0.4718189306767576
"frozenset({'High Education', 'Low_Unemployment'})",frozenset({'Low_Poverty'}),0.20310932798395184,0.6143430290872618,0.1760280842527583,0.8666666666666668,1.4107210884353742,1.0,0.051249284463219164,2.8924272818455394,0.36534830807958574,0.27443315089913994,0.654269614217599,0.5765986394557824
"frozenset({'Low_Poverty', 'Low_Unemployment'})","frozenset({'Low_Crime', 'Urban'})",0.5927783350050151,0.526579739217653,0.43981945837512537,0.7419627749576988,1.4090226412053821,1.0,0.12767439731430996,1.8346975352286365,0.7128505709679772,0.6472324723247231,0.45495103100174933,0.788600435097897
"frozenset({'Low_Crime', 'Urban'})","frozenset({'Low_Poverty', 'Low_Unemployment'})",0.526579739217653,0.5927783350050151,0.43981945837512537,0.8352380952380951,1.409022641205382,1.0,0.12767439731430996,2.4715765794493283,0.6131723131631329,0.6472324723247231,0.5953999530846817,0.788600435097897
"frozenset({'High Education', 'Urban'})","frozenset({'Low_Crime', 'Low_Unemployment'})",0.17903711133400202,0.6504513540621866,0.1629889669007021,0.9103641456582633,1.3995883627159422,1.0,0.04653403540611804,3.8996520812437305,0.34776749212912916,0.24454477050413845,0.7435668672059929,0.5804712015878055
frozenset({'High Education'}),"frozenset({'Low_Crime', 'Low_Unemployment'})",0.20661985957873621,0.6504513540621866,0.18806419257773319,0.9101941747572815,1.399327050474957,1.0,0.05366802513860536,3.8922714088210544,0.35968984407922444,0.2811094452773613,0.7430806089899846,0.5996614667155721
frozenset({'High Education'}),frozenset({'Low_Poverty'}),0.20661985957873621,0.6143430290872618,0.1760280842527583,0.8519417475728156,1.3867525262532199,1.0,0.04909261384957281,2.6047651150171838,0.35152228957538706,0.27293934681181964,0.6160882245256103,0.5692361799088568
"frozenset({'Low_Crime', 'Urban'})",frozenset({'Low_Poverty'}),0.526579739217653,0.6143430290872618,0.44784353059177534,0.8504761904761904,1.384366958211856,1.0,0.12434293854482203,2.579234518843152,0.5864729439899786,0.64616497829233,0.6122880673725924,0.7897278911564625
frozenset({'Low_Poverty'}),"frozenset({'Low_Crime', 'Urban'})",0.6143430290872618,0.526579739217653,0.44784353059177534,0.7289795918367347,1.384366958211856,1.0,0.12434293854482203,1.7468066851155875,0.719935577537763,0.64616497829233,0.4275268073331026,0.7897278911564625
"frozenset({'Low_Poverty', 'Low_Education'})","frozenset({'Low_Crime', 'Low_Unemployment', 'Urban'})",0.4383149448345035,0.48495486459378134,0.2903711133400201,0.6624713958810069,1.3660475319407732,1.0,0.07780814861837271,1.5259303333730005,0.4770663705896869,0.4587955625990492,0.3446620870367359,0.6306152222424684
frozenset({'Low_Poverty'}),"frozenset({'Low_Unemployment', 'Urban'})",0.6143430290872618,0.5877632898696088,0.4889669007021063,0.7959183673469388,1.3541478024656963,1.0,0.12787862081731655,2.019959879638917,0.6781367743656431,0.6856540084388185,0.5049406623963454,0.8139148150727868
"frozenset({'Low_Unemployment', 'Urban'})",frozenset({'Low_Poverty'}),0.5877632898696088,0.6143430290872618,0.4889669007021063,0.8319112627986348,1.354147802465696,1.0,0.12787862081731655,2.294365329491011,0.634412627113357,0.6856540084388185,0.564149620312715,0.8139148150727868
"frozenset({'Low_Crime', 'Urban', 'Low_Education'})","frozenset({'Low_Poverty', 'Low_Unemployment'})",0.36258776328986964,0.5927783350050151,0.2903711133400201,0.8008298755186722,1.3509769642844605,1.0,0.07543694272385862,2.0445921096623203,0.40757756733509154,0.43665158371040724,0.5109048913598921,0.6453387956273564
"frozenset({'Low_Poverty', 'Urban'})","frozenset({'Low_Crime', 'Low_Unemployment'})",0.5010030090270813,0.6504513540621866,0.43981945837512537,0.8778778778778779,1.3496441699988346,1.0,0.1139413727642305,2.862287682720291,0.5191693931458891,0.6180408738548274,0.6506291083048614,0.7770268340815758
"frozenset({'Low_Crime', 'Low_Unemployment'})","frozenset({'Low_Poverty', 'Urban'})",0.6504513540621866,0.5010030090270813,0.43981945837512537,0.6761757902852736,1.3496441699988344,1.0,0.1139413727642305,1.5409502316473225,0.7411385167577612,0.6180408738548274,0.35104977470234733,0.7770268340815758
frozenset({'Low_Poverty'}),"frozenset({'Low_Crime', 'Low_Unemployment'})",0.6143430290872618,0.6504513540621866,0.5391173520561685,0.8775510204081632,1.3491416612905762,1.0,0.13951709692769382,2.854647275158809,0.6710315420207458,0.7429163787145818,0.6496940239510437,0.8531933976366182
"frozenset({'Low_Crime', 'Low_Unemployment'})",frozenset({'Low_Poverty'}),0.6504513540621866,0.6143430290872618,0.5391173520561685,0.8288357748650732,1.3491416612905762,1.0,0.13951709692769382,2.253140050782979,0.7403490040372361,0.7429163787145818,0.5561749480896696,0.8531933976366182
"frozenset({'Low_Unemployment', 'Urban'})","frozenset({'Low_Poverty', 'Low_Crime'})",0.5877632898696088,0.5551654964894684,0.43981945837512537,0.7482935153583619,1.347874678974321,1.0,0.11351355973638066,1.7672747054723497,0.6260754008217575,0.6255349500713265,0.43415701197809864,0.7702623855021258
"frozenset({'Low_Poverty', 'Low_Crime'})","frozenset({'Low_Unemployment', 'Urban'})",0.5551654964894684,0.5877632898696088,0.43981945837512537,0.7922312556458897,1.347874678974321,1.0,0.11351355973638066,1.984113209192795,0.5801961437153154,0.6255349500713265,0.49599650092202446,0.7702623855021258
"frozenset({'Low_Poverty', 'Rural'})","frozenset({'Low_Crime', 'Low_Unemployment'})",0.11334002006018054,0.6504513540621866,0.09929789368104312,0.8761061946902654,1.346920394920886,1.0,0.025575724163463306,2.8213569279266353,0.29048973901915076,0.14943396226415093,0.6455606201038583,0.5143830896350324
"frozenset({'Low_Crime', 'Urban', 'Low_Education'})",frozenset({'Low_Poverty'}),0.36258776328986964,0.6143430290872618,0.29839518555667,0.8229598893499307,1.3395771586642953,1.0,0.07564192074719642,2.178359296639918,0.39769519137316595,0.4397634885439763,0.5409389068449438,0.6543370875321082
"frozenset({'Low_Poverty', 'Low_Crime', 'Rural'})","frozenset({'Low_Unemployment', 'Low_Education'})",0.10732196589769308,0.5797392176529589,0.08274824473420261,0.7710280373831776,1.329956666558872,1.0,0.020529492187696494,1.8354246412707513,0.2779230507320395,0.13692946058091288,0.4551669529141481,0.4568808006985092
"frozenset({'Low_Poverty', 'Rural'})","frozenset({'Low_Unemployment', 'Low_Education'})",0.11334002006018054,0.5797392176529589,0.08726178535606821,0.7699115044247788,1.3280307437915302,1.0,0.021554130797608484,1.8265180155852179,0.2785796016019141,0.14403973509933776,0.45251019071958115,0.46021526778332367
"frozenset({'Low_Poverty', 'Low_Unemployment', 'Low_Education'})","frozenset({'Low_Crime', 'Urban'})",0.41675025075225675,0.526579739217653,0.2903711133400201,0.6967509025270759,1.3231631425133232,1.0,0.07091887498000524,1.561159669484645,0.418749081123947,0.44470046082949316,0.35945052927859045,0.6240897369778237
"frozenset({'Low_Poverty', 'Rural', 'Low_Education'})","frozenset({'Low_Crime', 'Low_Unemployment'})",0.09679037111334002,0.6504513540621866,0.08274824473420261,0.8549222797927462,1.3143523715549235,1.0,0.019790816783349055,2.4093888809285002,0.26479901738091643,0.12452830188679247,0.5849569955620313,0.4910694668046229
"frozenset({'Low_Crime', 'Low_Unemployment', 'Low_Education'})",frozenset({'Low_Poverty'}),0.46238716148445336,0.6143430290872618,0.3731193580742227,0.8069414316702821,1.3135030324494223,1.0,0.08905502867680276,1.9976164448401394,0.4439571296742097,0.5302922309337135,0.49940340019576396,0.7071441852228961
frozenset({'Low_Poverty'}),"frozenset({'Low_Crime', 'Low_Unemployment', 'Low_Education'})",0.6143430290872618,0.46238716148445336,0.3731193580742227,0.6073469387755103,1.3135030324494223,1.0,0.08905502867680276,1.3691803059907375,0.6188843212103419,0.5302922309337135,0.2696360036551935,0.7071441852228961
"frozenset({'Low_Unemployment', 'Urban', 'Low_Education'})",frozenset({'Low_Poverty'}),0.40972918756268806,0.6143430290872618,0.3294884653961886,0.8041615667074664,1.3089780930732147,1.0,0.07777419520346396,1.9692609077231702,0.3998931835316421,0.47436823104693143,0.4921952718006346,0.6702440486598557
"frozenset({'Low_Poverty', 'Low_Education'})","frozenset({'Low_Crime', 'Low_Unemployment'})",0.4383149448345035,0.6504513540621866,0.3731193580742227,0.851258581235698,1.3087198234263544,1.0,0.08801680870092726,2.3500424349973,0.41997647849462366,0.5213735108619482,0.5744757689870613,0.7124450192223208
"frozenset({'Low_Poverty', 'Urban', 'Low_Education'})","frozenset({'Low_Crime', 'Low_Unemployment'})",0.3415245737211635,0.6504513540621866,0.2903711133400201,0.8502202643171806,1.3071235212401373,1.0,0.06822599191757822,2.333751253761283,0.35682631635024803,0.413867047891351,0.5715053185774147,0.6483175338548124
"frozenset({'Low_Poverty', 'Low_Education'})","frozenset({'Low_Crime', 'Urban'})",0.4383149448345035,0.526579739217653,0.29839518555667,0.6807780320366132,1.292829900839054,1.0,0.06758741621051717,1.4830441144221191,0.4032563025210082,0.44770504138449957,0.32571122445021905,0.62372234935164
"frozenset({'Low_Poverty', 'Low_Education'})","frozenset({'Low_Unemployment', 'Urban'})",0.4383149448345035,0.5877632898696088,0.3294884653961886,0.7517162471395882,1.2789438539217908,1.0,0.07186303142124473,1.6603450905712536,0.3883045227223312,0.473002159827214,0.3977155678787577,0.6561482259588727
"frozenset({'High Education', 'Low_Poverty', 'Low_Unemployment'})",frozenset({'Urban'}),0.1760280842527583,0.7086258776328987,0.15947843530591777,0.905982905982906,1.27850666279541,1.0,0.03474037961426908,3.099161119722804,0.264374877984359,0.21991701244813278,0.6773320387778219,0.5655179922695847
"frozenset({'High Education', 'Low_Poverty'})",frozenset({'Urban'}),0.1760280842527583,0.7086258776328987,0.15947843530591777,0.905982905982906,1.27850666279541,1.0,0.03474037961426908,3.099161119722804,0.264374877984359,0.21991701244813278,0.6773320387778219,0.5655179922695847
"frozenset({'Low_Poverty', 'High Education', 'Low_Crime', 'Urban'})",frozenset({'Low_Unemployment'}),0.14944834503510532,0.7828485456369108,0.14944834503510532,1.0,1.2773862908392055,1.0,0.03245292547652989,inf,0.2553066037735849,0.19090326713645098,1.0,0.5954516335682255
"frozenset({'High Education', 'Low_Poverty', 'Low_Crime'})",frozenset({'Low_Unemployment'}),0.16599799398194584,0.7828485456369108,0.16599799398194584,1.0,1.2773862908392055,1.0,0.03604670581453487,inf,0.26037282020444974,0.21204356181934658,1.0,0.6060217809096733
"frozenset({'High Education', 'Low_Poverty', 'Urban'})",frozenset({'Low_Unemployment'}),0.15947843530591777,0.7828485456369108,0.15947843530591777,1.0,1.2773862908392055,1.0,0.034630974166229886,inf,0.2583532219570406,0.2037155669442665,1.0,0.6018577834721333
"frozenset({'High Education', 'Low_Poverty'})",frozenset({'Low_Unemployment'}),0.1760280842527583,0.7828485456369108,0.1760280842527583,1.0,1.2773862908392055,1.0,0.038224754504234876,inf,0.263542300669507,0.2248558616271621,1.0,0.612427930813581
"frozenset({'Low_Unemployment', 'Urban', 'Low_Education'})","frozenset({'Low_Poverty', 'Low_Crime'})",0.40972918756268806,0.5551654964894684,0.2903711133400201,0.7086903304773563,1.276538860859845,1.0,0.06290360550055382,1.5270159217147246,0.3670040191758268,0.4304832713754647,0.3451279808025349,0.6158627804148299
"frozenset({'Rural', 'Low_Unemployment'})","frozenset({'Low_Crime', 'Low_Education'})",0.1950852557673019,0.5646940822467402,0.14042126379137412,0.7197943444730077,1.2746624537115252,1.0,0.03025777432598699,1.553522954183652,0.26770360480640853,0.22672064777327935,0.3563017544690984,0.48423109763614863
"frozenset({'Low_Poverty', 'High Education', 'Low_Crime', 'Low_Unemployment'})",frozenset({'Urban'}),0.16599799398194584,0.7086258776328987,0.14944834503510532,0.9003021148036253,1.2704900332048328,1.0,0.0318178708643483,2.92257074253062,0.2552777183629487,0.20608575380359612,0.6578354852296537,0.5556004558448416
"frozenset({'High Education', 'Low_Poverty', 'Low_Crime'})",frozenset({'Urban'}),0.16599799398194584,0.7086258776328987,0.14944834503510532,0.9003021148036253,1.2704900332048328,1.0,0.0318178708643483,2.92257074253062,0.2552777183629487,0.20608575380359612,0.6578354852296537,0.5556004558448416
"frozenset({'High Education', 'Urban'})",frozenset({'Low_Unemployment'}),0.17903711133400202,0.7828485456369108,0.17803410230692077,0.9943977591036414,1.2702300651202183,1.0,0.03787516008406361,38.7615346038108,0.25913600110129303,0.22712731925783747,0.9742012278352445,0.6109080403461833
"frozenset({'High Education', 'Low_Crime', 'Urban'})",frozenset({'Low_Unemployment'}),0.16399197592778336,0.7828485456369108,0.1629889669007021,0.9938837920489296,1.2695735306505866,1.0,0.034608087049513625,35.504262788364876,0.2539855105901896,0.20793346129238643,0.9718343680036159,0.6010418319629658
"frozenset({'Low_Poverty', 'Low_Crime', 'Low_Education'})","frozenset({'Low_Unemployment', 'Urban'})",0.3891675025075226,0.5877632898696088,0.2903711133400201,0.7461340206185567,1.269446448048978,1.0,0.061632741755859394,1.6238359749298659,0.3474849054623936,0.42293644996347707,0.38417425439586633,0.6200806621864114
"frozenset({'Low_Poverty', 'Rural', 'Low_Unemployment'})",frozenset({'Low_Crime'}),0.10381143430290872,0.7557673019057172,0.09929789368104312,0.9565217391304348,1.265629958743256,1.0,0.020840606070971185,5.617352056168508,0.23419138220481253,0.13060686015831133,0.821980180341041,0.5439543002221517
"frozenset({'Medium_Poverty', 'Rural', 'High_Unemployment'})",frozenset({'Low_Education'}),0.05265797392176529,0.7933801404212638,0.05265797392176529,1.0,1.2604298356510746,1.0,0.010880183177415896,inf,0.21810481736368445,0.0663716814159292,1.0,0.5331858407079646
"frozenset({'High Education', 'Low_Crime'})",frozenset({'Low_Unemployment'}),0.19107321965897692,0.7828485456369108,0.18806419257773319,0.984251968503937,1.2572699712984308,1.0,0.03848280045754113,13.789117352056191,0.2529597024178549,0.23931078493937458,0.9274790420250588,0.6122412949502388
frozenset({'High Education'}),frozenset({'Low_Unemployment'}),0.20661985957873621,0.7828485456369108,0.20310932798395184,0.983009708737864,1.2556831257035879,1.0,0.04135727141303547,12.780914171084603,0.25664965428977216,0.2582908163265306,0.9217583353886853,0.621229389923064
"frozenset({'Medium_Poverty', 'High_Unemployment'})",frozenset({'Low_Education'}),0.1328986960882648,0.7933801404212638,0.13239719157472418,0.9962264150943397,1.2556734966486178,1.0,0.026958005410413793,54.75426278836671,0.23482219534851115,0.16677195198989261,0.9817365817915374,0.5815518927557666
"frozenset({'Low_Poverty', 'Rural', 'Low_Unemployment', 'Low_Education'})",frozenset({'Low_Crime'}),0.08726178535606821,0.7557673019057172,0.08274824473420261,0.9482758620689655,1.2547193556506417,1.0,0.01679864065617112,4.721832163156136,0.2224175824175824,0.10883905013192613,0.7882178007505488,0.528882456581928
"frozenset({'Low_Poverty', 'Low_Crime', 'Urban'})",frozenset({'Low_Unemployment'}),0.44784353059177534,0.7828485456369108,0.43981945837512537,0.9820828667413214,1.2544991904434304,1.0,0.08922580177845468,12.11976554663992,0.3674124383658682,0.5561192136968928,0.9174901530766625,0.7719511066570156
"frozenset({'Low_Crime', 'Low_Unemployment', 'Low_Education'})","frozenset({'Low_Poverty', 'Urban'})",0.46238716148445336,0.5010030090270813,0.2903711133400201,0.6279826464208244,1.2534508478109345,1.0,0.058713754100818,1.3413271885627729,0.376111669631119,0.43144560357675116,0.2544697456915816,0.603781113000202
"frozenset({'Low_Poverty', 'Rural'})",frozenset({'Low_Crime'}),0.11334002006018054,0.7557673019057172,0.10732196589769308,0.9469026548672567,1.2529023847414131,1.0,0.021663284738870567,4.599715814108996,0.2276557279993233,0.14088215931533904,0.7825952644872891,0.5444533181436483
"frozenset({'High_Unemployment', 'Urban', 'Medium_Poverty'})",frozenset({'Low_Education'}),0.0802407221664995,0.7933801404212638,0.07973921765295888,0.9937500000000001,1.2525521491782554,1.0,0.01607782223299789,33.0591775325985,0.21922045499749662,0.10044219835754897,0.9697512135922336,0.5471278445006322
"frozenset({'Medium_Crime', 'High_Unemployment'})",frozenset({'Low_Education'}),0.07171514543630893,0.7933801404212638,0.0712136409227683,0.9930069930069929,1.2516156409961718,1.0,0.01431626876617817,29.546639919758867,0.2165635629009062,0.08970309538850282,0.9661552040192812,0.5413833953656962
"frozenset({'Medium_Poverty', 'Low_Crime', 'High_Unemployment'})",frozenset({'Low_Education'}),0.062186559679037114,0.7933801404212638,0.06168505516549649,0.9919354838709676,1.250265078911953,1.0,0.012347473715026723,25.620862587762957,0.2134428937872266,0.07770056854074542,0.9609693078609454,0.5348425839076709
"frozenset({'Urban', 'High_Unemployment'})",frozenset({'Low_Education'}),0.12086258776328987,0.7933801404212638,0.11985957873620863,0.991701244813278,1.2499698370149661,1.0,0.02396960188489239,24.8976930792378,0.22747376285005738,0.1508838383838384,0.9598356363050399,0.5713879169704823
"frozenset({'Medium_Crime', 'Rural'})",frozenset({'Low_Education'}),0.05115346038114343,0.7933801404212638,0.05065195586760281,0.9901960784313726,1.2480726803995934,1.0,0.010067816287377677,21.075225677031167,0.2094802503506164,0.06380290587492103,0.9525509232819342,0.5270196574204904
"frozenset({'High Education', 'Low_Poverty', 'Low_Unemployment'})",frozenset({'Low_Crime'}),0.1760280842527583,0.7557673019057172,0.16599799398194584,0.943019943019943,1.247764941195598,1.0,0.03296172368660644,4.28628385155466,0.2409875825850949,0.21676489849377864,0.7666976722418198,0.5813308076081798
"frozenset({'High Education', 'Low_Poverty'})",frozenset({'Low_Crime'}),0.1760280842527583,0.7557673019057172,0.16599799398194584,0.943019943019943,1.247764941195598,1.0,0.03296172368660644,4.28628385155466,0.2409875825850949,0.21676489849377864,0.7666976722418198,0.5813308076081798
frozenset({'Low_Unemployment'}),"frozenset({'Low_Poverty', 'Urban'})",0.7828485456369108,0.5010030090270813,0.4889669007021063,0.6245996156310057,1.2466983319001255,1.0,0.09675742372553964,1.3292394247589183,0.911259548765322,0.6151419558359621,0.24769008398816622,0.8002877958034909
"frozenset({'Low_Poverty', 'Urban'})",frozenset({'Low_Unemployment'}),0.5010030090270813,0.7828485456369108,0.4889669007021063,0.9759759759759759,1.2466983319001255,1.0,0.09675742372553964,9.038929287863542,0.3965581754928486,0.6151419558359621,0.8893674274736625,0.8002877958034909
"frozenset({'Low_Poverty', 'Low_Crime', 'Urban', 'Low_Education'})",frozenset({'Low_Unemployment'}),0.29839518555667,0.7828485456369108,0.2903711133400201,0.9731092436974791,1.2430364073880675,1.0,0.056772876301924846,8.07531970912741,0.27867302205745287,0.3671528218135701,0.8761658936091762,0.6720126615668689
"frozenset({'Medium_Crime', 'Medium_Poverty'})",frozenset({'Low_Education'}),0.09929789368104312,0.7933801404212638,0.09779338014042126,0.9848484848484849,1.2413324138987856,1.0,0.019012403308219544,13.6369107321966,0.21584718177145798,0.12302839116719241,0.9266696087084437,0.5540550894533195
"frozenset({'Low_Poverty', 'Rural', 'Low_Education'})",frozenset({'Low_Crime'}),0.09679037111334002,0.7557673019057172,0.09077231695085256,0.9378238341968912,1.2408896651550105,1.0,0.017621319324070503,3.9280758943497154,0.21492970449197954,0.11915734035549704,0.7454224340628358,0.5289650026989765
frozenset({'Low_Unemployment'}),"frozenset({'Low_Poverty', 'Low_Crime'})",0.7828485456369108,0.5551654964894684,0.5391173520561685,0.6886611146700833,1.2404609418718573,1.0,0.10450685054159464,1.428779135761193,0.8926859659487617,0.674827369742624,0.3001017617273348,0.8298770794669296
"frozenset({'Low_Poverty', 'Low_Crime'})",frozenset({'Low_Unemployment'}),0.5551654964894684,0.7828485456369108,0.5391173520561685,0.9710930442637759,1.240460941871857,1.0,0.10450685054159464,7.5120831243730875,0.4357756744710415,0.674827369742624,0.8668811322447322,0.8298770794669296
frozenset({'High_Unemployment'}),frozenset({'Low_Education'}),0.21715145436308927,0.7933801404212638,0.2136409227683049,0.9838337182448036,1.2400533717952833,1.0,0.04135727141303547,12.780914171084598,0.24728039387295356,0.26809314033983633,0.9217583353886853,0.626556555709001
"frozenset({'High Education', 'Low_Poverty', 'Low_Unemployment', 'Urban'})",frozenset({'Low_Crime'}),0.15947843530591777,0.7557673019057172,0.14944834503510532,0.9371069182389936,1.2399410716446935,1.0,0.028919758271806387,3.883299899699091,0.23022616969133922,0.19515389652914208,0.7424870533235179,0.5674253901082161
"frozenset({'High Education', 'Low_Poverty', 'Urban'})",frozenset({'Low_Crime'}),0.15947843530591777,0.7557673019057172,0.14944834503510532,0.9371069182389936,1.2399410716446935,1.0,0.028919758271806387,3.883299899699091,0.23022616969133922,0.19515389652914208,0.7424870533235179,0.5674253901082161
"frozenset({'High Education', 'Low_Unemployment'})",frozenset({'Urban'}),0.20310932798395184,0.7086258776328987,0.17803410230692077,0.8765432098765433,1.2369618970232323,1.0,0.034105576508864616,2.3601303911735223,0.2403939052819118,0.2426520847573479,0.576294596374918,0.5638908547613432
frozenset({'Low_Poverty'}),frozenset({'Low_Unemployment'}),0.6143430290872618,0.7828485456369108,0.5927783350050151,0.9648979591836735,1.232547425119952,1.0,0.11184078816187781,6.186291432436849,0.4892228243769239,0.7369077306733168,0.8383522646934063,0.8610524389127849
frozenset({'Low_Unemployment'}),frozenset({'Low_Poverty'}),0.7828485456369108,0.6143430290872618,0.5927783350050151,0.7572069186418963,1.232547425119952,1.0,0.11184078816187781,1.5884182891682967,0.8688506973345369,0.7369077306733168,0.3704429073757362,0.8610524389127849
"frozenset({'Low_Poverty', 'Urban', 'Low_Education'})",frozenset({'Low_Unemployment'}),0.3415245737211635,0.7828485456369108,0.3294884653961886,0.9647577092511013,1.232368271778793,1.0,0.06212644955930985,6.161672517552648,0.28634970978657415,0.4145110410094637,0.8377064024173116,0.6928208789689203
"frozenset({'Medium_Poverty', 'Medium_Crime', 'Urban'})",frozenset({'Low_Education'}),0.06619859578736209,0.7933801404212638,0.06469408224674023,0.9772727272727273,1.231783703022641,1.0,0.012173431025272408,9.0912738214644,0.20150875527689655,0.08138801261829653,0.8900044130626655,0.5294075393632915
"frozenset({'Medium_Crime', 'Medium_Poverty'})","frozenset({'Urban', 'Low_Education'})",0.09929789368104312,0.5295887662988967,0.06469408224674023,0.6515151515151516,1.2302284205693297,1.0,0.012107033236117587,1.3498757140988185,0.20777438234837117,0.11466666666666667,0.2591910576985205,0.38683712121212127
frozenset({'Rural'}),"frozenset({'Low_Crime', 'Low_Education'})",0.2913741223671013,0.5646940822467402,0.20210631895687062,0.693631669535284,1.2283317487152365,1.0,0.03756907633633097,1.42085807985755,0.2623213373162008,0.3090490797546013,0.29619994130571,0.5257678773964164
"frozenset({'Rural', 'High_Unemployment'})",frozenset({'Low_Education'}),0.09628886659979939,0.7933801404212638,0.09378134403209629,0.9739583333333334,1.2276061420143278,1.0,0.017387669528143107,7.93420260782348,0.20516122905624767,0.1178323881537492,0.8739633899676377,0.5460815686894227
"frozenset({'High Education', 'Low_Unemployment'})",frozenset({'Low_Crime'}),0.20310932798395184,0.7557673019057172,0.18806419257773319,0.9259259259259259,1.2251468455848018,1.0,0.034560803775418536,3.2971414242728185,0.2306104468219006,0.24398178269355886,0.6967069739143661,0.5873823392071567
"frozenset({'Low_Poverty', 'Low_Crime', 'Low_Education'})",frozenset({'Low_Unemployment'}),0.3891675025075226,0.7828485456369108,0.3731193580742227,0.9587628865979382,1.2247105675056302,1.0,0.0684601447270598,5.265922768304919,0.30037784487172686,0.46704331450094166,0.8100997595295352,0.7176902197243374
"frozenset({'Low_Crime', 'High_Unemployment'})",frozenset({'Low_Education'}),0.10531594784353059,0.7933801404212638,0.10230692076228685,0.9714285714285714,1.2244175546324725,1.0,0.01875133927358806,7.231695085255764,0.20486019519915585,0.12846347607052896,0.8617198335644937,0.5501896333754741
frozenset({'High Education'}),frozenset({'Low_Crime'}),0.20661985957873621,0.7557673019057172,0.19107321965897692,0.924757281553398,1.2236005437408597,1.0,0.03491668586501728,3.245931342414336,0.2303307219340943,0.24772431729518854,0.6919220111241798,0.5887887270407999
"frozenset({'High Education', 'Low_Crime', 'Low_Unemployment'})",frozenset({'Urban'}),0.18806419257773319,0.7086258776328987,0.1629889669007021,0.8666666666666667,1.2230242981835338,1.0,0.029721813383983442,2.1853059177532597,0.2245925785147527,0.2221462747778537,0.542398164084911,0.5483368719037509
frozenset({'High Education'}),frozenset({'Urban'}),0.20661985957873621,0.7086258776328987,0.17903711133400202,0.8665048543689321,1.222795951600602,1.0,0.03262093200363378,2.1826570620953776,0.22965292311614915,0.24318801089918257,0.5418428220510336,0.5595793910910478
"frozenset({'Low_Crime', 'Rural', 'High_Unemployment'})",frozenset({'Low_Education'}),0.06369107321965897,0.7933801404212638,0.06168505516549649,0.9685039370078741,1.2207312581502534,1.0,0.011153822550902456,6.560180541624885,0.19311882460013674,0.07755359394703656,0.8475651708584974,0.5231268104761242
"frozenset({'Medium_Crime', 'Low_Unemployment'})","frozenset({'Urban', 'Low_Education'})",0.10030090270812438,0.5295887662988967,0.06469408224674023,0.645,1.2179261363636362,1.0,0.011575850922878966,1.3251020667636713,0.19887998755541725,0.11446317657497782,0.2453411513859275,0.3835795454545455
"frozenset({'Rural', 'Medium_Poverty'})",frozenset({'Low_Education'}),0.1334002006018054,0.7933801404212638,0.1288866599799398,0.9661654135338346,1.2177837133922036,1.0,0.02304959009425467,6.10676473866042,0.20636529038766382,0.1615336266499057,0.836247171326374,0.5643090025949831
"frozenset({'Low_Poverty', 'Low_Education'})",frozenset({'Low_Unemployment'}),0.4383149448345035,0.7828485456369108,0.41675025075225675,0.9508009153318078,1.2145400545622196,1.0,0.07361603365764291,4.413729560775348,0.3144877084407769,0.5180798004987529,0.7734342382716506,0.7415759861732709
"frozenset({'High Education', 'Urban'})",frozenset({'Low_Crime'}),0.17903711133400202,0.7557673019057172,0.16399197592778336,0.9159663865546218,1.2119687954810323,1.0,0.02868158135389115,2.9063691073219644,0.21303794701652712,0.21275211450878334,0.6559280796507513,0.5664768893622478
"frozenset({'High Education', 'Low_Unemployment', 'Urban'})",frozenset({'Low_Crime'}),0.17803410230692077,0.7557673019057172,0.1629889669007021,0.9154929577464789,1.2113423740852547,1.0,0.028436613752994194,2.8900869274490137,0.21225888205753982,0.2114508783344177,0.6539896462966712,0.5655766049515407
"frozenset({'High Education', 'Low_Crime'})",frozenset({'Urban'}),0.19107321965897692,0.7086258776328987,0.16399197592778336,0.8582677165354332,1.2111718519261527,1.0,0.02859254795479721,2.0558063078123276,0.21553660908785852,0.2229038854805726,0.5135728515863232,0.5448451109216444
frozenset({'Medium_Crime'}),"frozenset({'Urban', 'Low_Education'})",0.1720160481444333,0.5295887662988967,0.10982948846539618,0.6384839650145772,1.2056221839385102,1.0,0.01873172174497413,1.3012181706409547,0.20598557951594293,0.18559322033898304,0.23148936699260853,0.4229351643254704
frozenset({'Low_Crime'}),"frozenset({'Low_Poverty', 'Low_Unemployment'})",0.7557673019057172,0.5927783350050151,0.5391173520561685,0.7133377571333775,1.203380277262229,1.0,0.09111486918126493,1.4205626137672274,0.6919936965760947,0.6660470879801734,0.2960535563102891,0.8114066112232031
"frozenset({'Low_Poverty', 'Low_Unemployment'})",frozenset({'Low_Crime'}),0.5927783350050151,0.7557673019057172,0.5391173520561685,0.9094754653130287,1.203380277262229,1.0,0.09111486918126493,2.697972421938711,0.4150257761484706,0.6660470879801734,0.6293512891872263,0.8114066112232031
"frozenset({'High_Poverty', 'High_Unemployment'})",frozenset({'Low_Education'}),0.06268806419257773,0.7933801404212638,0.059679037111334,0.952,1.199929203539823,1.0,0.009943571939489478,4.304580407890334,0.17776099203726428,0.07493702770780857,0.7676893203883493,0.5136106194690265
"frozenset({'Low_Crime', 'Rural', 'Medium_Poverty'})",frozenset({'Low_Education'}),0.09327983951855567,0.7933801404212638,0.08876629889669008,0.9516129032258065,1.1994412952163451,1.0,0.014759926720985417,4.2701437646272185,0.18338458077096137,0.11125078566939033,0.7658158471656751,0.5317482973777579
frozenset({'Low_Poverty'}),frozenset({'Low_Crime'}),0.6143430290872618,0.7557673019057172,0.5551654964894684,0.9036734693877552,1.1957033164958086,1.0,0.0908651229516031,2.5354665691991243,0.42439823184534414,0.6812307692307693,0.6055952730168045,0.8191227333667376
frozenset({'Low_Crime'}),frozenset({'Low_Poverty'}),0.7557673019057172,0.6143430290872618,0.5551654964894684,0.73457199734572,1.1957033164958086,1.0,0.0908651229516031,1.4529626379137413,0.6701483373492191,0.6812307692307693,0.3117510568366263,0.8191227333667376
frozenset({'High_Crime'}),frozenset({'Urban'}),0.07221664994984955,0.7086258776328987,0.06118355065195587,0.8472222222222222,1.1955846504678775,1.0,0.010008963701535895,1.9071760736755716,0.17632255206025685,0.08501742160278745,0.4756645630139605,0.4667816702052371
frozenset({'High_Crime'}),frozenset({'Low_Education'}),0.07221664994984955,0.7933801404212638,0.06820461384152457,0.9444444444444443,1.1904059558926814,1.0,0.010909357963559678,3.7191574724172423,0.17240063593004756,0.08553459119496855,0.7311218985976261,0.515205787329681
"frozenset({'Low_Poverty', 'Low_Unemployment', 'Urban'})",frozenset({'Low_Crime'}),0.4889669007021063,0.7557673019057172,0.43981945837512537,0.8994871794871795,1.1901641910401035,1.0,0.07027426311029378,2.4298661289992425,0.31266036526073027,0.5464174454828661,0.5884546938345706,0.7407190376533442
"frozenset({'Rural', 'Low_Unemployment', 'Medium_Poverty'})",frozenset({'Low_Education'}),0.08074222668004012,0.7933801404212638,0.07622868605817452,0.9440993788819876,1.1899710249625053,1.0,0.01216940691683878,3.6961997102418365,0.173665546845838,0.09553739786297925,0.7294518482783574,0.5200901445610949
frozenset({'Medium_Poverty'}),frozenset({'Low_Education'}),0.30541624874623874,0.7933801404212638,0.28736208625877635,0.9408866995073891,1.1859216680263804,1.0,0.045050899941549816,3.4953192912069517,0.22570926342449954,0.3541409147095179,0.7139031039265386,0.6515432233314442
"frozenset({'Low_Poverty', 'Low_Unemployment', 'Low_Education'})",frozenset({'Low_Crime'}),0.41675025075225675,0.7557673019057172,0.3731193580742227,0.8953068592057762,1.1846329643373044,1.0,0.058153145494658554,2.332843357659186,0.2672211743821598,0.46675031367628617,0.5713385569944924,0.6945014720713686
"frozenset({'High_Crime', 'Low_Education'})",frozenset({'Urban'}),0.06820461384152457,0.7086258776328987,0.05717151454363089,0.8382352941176471,1.182902460347196,1.0,0.00883996020156759,1.8012218473602626,0.16593960682114325,0.07944250871080138,0.44482130201478176,0.45945734981890846
"frozenset({'Low_Poverty', 'Urban'})",frozenset({'Low_Crime'}),0.5010030090270813,0.7557673019057172,0.44784353059177534,0.8938938938938938,1.182763387142949,1.0,0.06920183821273246,2.3017779754357397,0.3096659107407136,0.5536267823930564,0.565553232904362,0.7432309549097871
"frozenset({'Low_Poverty', 'Rural', 'Low_Crime'})",frozenset({'Low_Unemployment'}),0.10732196589769308,0.7828485456369108,0.09929789368104312,0.9252336448598131,1.1818807737671155,1.0,0.01528104876313996,2.9044007021063183,0.17239246396549754,0.12555485098287889,0.6556948911096242,0.5260377064785933
"frozenset({'Rural', 'Medium_Poverty'})","frozenset({'Low_Crime', 'Low_Education'})",0.1334002006018054,0.5646940822467402,0.08876629889669008,0.6654135338345866,1.1783610892239482,1.0,0.013435995046322535,1.301026675532215,0.174663894120109,0.145679012345679,0.2313762516891309,0.41130356975921156
"frozenset({'High_Crime', 'Urban'})",frozenset({'Low_Education'}),0.06118355065195587,0.7933801404212638,0.05717151454363089,0.9344262295081966,1.1777786988870695,1.0,0.00862970053591064,3.150952858575723,0.16078122657070024,0.07169811320754717,0.682635683590641,0.5032434560941742
"frozenset({'Low_Crime', 'Urban'})",frozenset({'Low_Unemployment'}),0.526579739217653,0.7828485456369108,0.48495486459378134,0.9209523809523809,1.1764119459442968,1.0,0.07272268158537798,2.74709671182221,0.3167537202250538,0.588199513381995,0.6359793247553058,0.7702135383301302
frozenset({'Low_Unemployment'}),"frozenset({'Low_Crime', 'Urban'})",0.7828485456369108,0.526579739217653,0.48495486459378134,0.6194746957078795,1.1764119459442968,1.0,0.07272268158537798,1.2441229412142147,0.6905670020610873,0.588199513381995,0.19622091445075387,0.7702135383301302
frozenset({'Medium_Crime'}),frozenset({'Low_Education'}),0.1720160481444333,0.7933801404212638,0.160481444332999,0.9329446064139941,1.175911216933947,1.0,0.024007327901457626,3.081330949369846,0.18067459115687456,0.19937694704049844,0.6754649155085055,0.5676101034598415
"frozenset({'Low_Poverty', 'Low_Education'})",frozenset({'Low_Crime'}),0.4383149448345035,0.7557673019057172,0.3891675025075226,0.8878718535469108,1.1747952727090512,1.0,0.0579033992649966,2.1781569197388087,0.26489552650957293,0.48348909657320877,0.5408962545637374,0.7014010893481071
"frozenset({'Low_Unemployment', 'Low_Education'})",frozenset({'Low_Poverty'}),0.5797392176529589,0.6143430290872618,0.41675025075225675,0.7188581314878892,1.1701249911729397,1.0,0.06059150369865862,1.3717521796157701,0.3459529163758761,0.5361290322580645,0.27100535004792087,0.6986127392133323
frozenset({'Low_Poverty'}),"frozenset({'Low_Unemployment', 'Low_Education'})",0.6143430290872618,0.5797392176529589,0.41675025075225675,0.6783673469387754,1.1701249911729397,1.0,0.06059150369865862,1.3066483715104702,0.37699420536148787,0.5361290322580645,0.2346831620476351,0.6986127392133323
"frozenset({'Low_Poverty', 'Rural'})",frozenset({'Low_Unemployment'}),0.11334002006018054,0.7828485456369108,0.10381143430290872,0.915929203539823,1.1699954079810422,1.0,0.015083364436338093,2.582959404529377,0.1638686689837584,0.1310126582278481,0.6128471867399701,0.5242682532753568
"frozenset({'Low_Poverty', 'Low_Unemployment', 'Urban', 'Low_Education'})",frozenset({'Low_Crime'}),0.3294884653961886,0.7557673019057172,0.2903711133400201,0.8812785388127854,1.1660712716607127,1.0,0.04135450483848738,2.057190803178767,0.2124042303354893,0.3652996845425868,0.5139002184654908,0.6327427863274279
"frozenset({'Low_Poverty', 'Low_Crime', 'Rural', 'Low_Education'})",frozenset({'Low_Unemployment'}),0.09077231695085256,0.7828485456369108,0.08274824473420261,0.9116022099447515,1.164468165682149,1.0,0.011687268425134983,2.45652582748245,0.15533938391081248,0.10462904248573242,0.5929210314776777,0.5086518416796147
"frozenset({'Low_Poverty', 'Low_Unemployment'})",frozenset({'Urban'}),0.5927783350050151,0.7086258776328987,0.4889669007021063,0.8248730964467004,1.1640459690833125,1.0,0.068908832817409,1.6637884668498233,0.34607048124289463,0.6018518518518517,0.3989620556191402,0.7574471639346028
frozenset({'Urban'}),"frozenset({'Low_Poverty', 'Low_Unemployment'})",0.7086258776328987,0.5927783350050151,0.4889669007021063,0.6900212314225053,1.1640459690833125,1.0,0.068908832817409,1.3137082480317661,0.4836647689659732,0.6018518518518517,0.23879597962620128,0.7574471639346028
"frozenset({'Medium_Poverty', 'Urban'})",frozenset({'Low_Education'}),0.1720160481444333,0.7933801404212638,0.1584754262788365,0.9212827988338192,1.1612123267222727,1.0,0.022001309847295147,2.62483747538913,0.16767360019627536,0.1963952765692977,0.6190240312491154,0.5605149771665936
"frozenset({'Low_Crime', 'Rural', 'Low_Unemployment', 'Medium_Poverty'})",frozenset({'Low_Education'}),0.05717151454363089,0.7933801404212638,0.05265797392176529,0.9210526315789473,1.1609222170470423,1.0,0.007299229685043089,2.617184887997324,0.1470212765957446,0.06599622878692646,0.6179100664282063,0.49371215649743827
"frozenset({'Low_Unemployment', 'Low_Education'})","frozenset({'Low_Poverty', 'Low_Crime'})",0.5797392176529589,0.5551654964894684,0.3731193580742227,0.6435986159169551,1.1592914545062407,1.0,0.05126814747150177,1.2481278787819772,0.32694972669181616,0.489795918367347,0.1988000452518697,0.6578426683920819
"frozenset({'Low_Poverty', 'Low_Crime'})","frozenset({'Low_Unemployment', 'Low_Education'})",0.5551654964894684,0.5797392176529589,0.3731193580742227,0.6720867208672087,1.1592914545062405,1.0,0.05126814747150177,1.2816217246781667,0.3088882423537113,0.489795918367347,0.21973856970073277,0.6578426683920819
"frozenset({'Low_Poverty', 'Urban', 'Low_Education'})",frozenset({'Low_Crime'}),0.3415245737211635,0.7557673019057172,0.29839518555667,0.8737151248164463,1.1560636754372886,1.0,0.04028207994092603,1.9339821790954241,0.20501257624146357,0.37350910232266166,0.48293215376590126,0.6342696393823439
"frozenset({'Rural', 'Low_Unemployment', 'Medium_Poverty'})","frozenset({'Low_Crime', 'Low_Education'})",0.08074222668004012,0.5646940822467402,0.05265797392176529,0.6521739130434782,1.15491543748552,1.0,0.007063316328121773,1.2515045135406215,0.14591743953446074,0.08883248730964466,0.20096173111600857,0.3727121785466059
"frozenset({'Low_Poverty', 'Rural', 'Low_Education'})",frozenset({'Low_Unemployment'}),0.09679037111334002,0.7828485456369108,0.08726178535606821,0.9015544041450778,1.151633236300631,1.0,0.011489584098333117,2.205801615372435,0.1457778884017181,0.11012658227848102,0.5466500735918826,0.5065107062365364
"frozenset({'Low_Unemployment', 'Low_Poverty', 'Low_Crime'})",frozenset({'Urban'}),0.5391173520561685,0.7086258776328987,0.43981945837512537,0.815813953488372,1.1512618706693658,1.0,0.05778695162719849,1.5819554623466352,0.2850788435697418,0.5443823711980137,0.367870952247528,0.7182396023634359
frozenset({'Urban'}),"frozenset({'Low_Unemployment', 'Low_Poverty', 'Low_Crime'})",0.7086258776328987,0.5391173520561685,0.43981945837512537,0.6206652512384996,1.1512618706693658,1.0,0.05778695162719849,1.2149760849713318,0.4509250554915537,0.5443823711980137,0.17693853206699472,0.7182396023634359
frozenset({'Urban'}),frozenset({'Low_Poverty'}),0.7086258776328987,0.6143430290872618,0.5010030090270813,0.7070063694267515,1.150833225009749,1.0,0.06566364087246696,1.3162640094195628,0.44981470282675107,0.6095179987797437,0.2402739930259331,0.7612582867541922
frozenset({'Low_Poverty'}),frozenset({'Urban'}),0.6143430290872618,0.7086258776328987,0.5010030090270813,0.8155102040816327,1.150833225009749,1.0,0.06566364087246696,1.5793508845119426,0.3398469991447885,0.6095179987797437,0.3668284801011626,0.7612582867541922
"frozenset({'Low_Crime', 'Medium_Poverty'})",frozenset({'Low_Education'}),0.160481444332999,0.7933801404212638,0.14593781344032097,0.9093750000000002,1.1462033817951962,1.0,0.01861502260039899,2.2799432781101965,0.1519376598636104,0.18063314711359404,0.5613925970873793,0.5466596871049305
"frozenset({'Medium_Crime', 'Urban'})",frozenset({'Low_Education'}),0.12086258776328987,0.7933801404212638,0.10982948846539618,0.9087136929460581,1.145369850653881,1.0,0.013939511614079941,2.2634266435670645,0.14436829753039135,0.13653366583541146,0.5581919993554364,0.5235730285210695
frozenset({'Rural'}),frozenset({'Low_Education'}),0.2913741223671013,0.7933801404212638,0.2637913741223671,0.9053356282271944,1.141112037095465,1.0,0.03262093200363375,2.182657062095374,0.1745093765388744,0.3213194868662187,0.541842822051033,0.6189130732792103
"frozenset({'Low_Poverty', 'Low_Crime'})",frozenset({'Urban'}),0.5551654964894684,0.7086258776328987,0.44784353059177534,0.8066847335140018,1.1383788808399997,1.0,0.054438893410421796,1.5072483806559867,0.27326531926255926,0.5488629379225568,0.3365393435919442,0.7193367050443329
frozenset({'Urban'}),"frozenset({'Low_Poverty', 'Low_Crime'})",0.7086258776328987,0.5551654964894684,0.44784353059177534,0.6319886765746638,1.1383788808399997,1.0,0.054438893410421796,1.2087522181930406,0.4171881896486921,0.5488629379225568,0.1727005874744979,0.7193367050443329
"frozenset({'Rural', 'High_Unemployment'})","frozenset({'Low_Crime', 'Low_Education'})",0.09628886659979939,0.5646940822467402,0.06168505516549649,0.640625,1.134463809946714,1.0,0.007311302010343974,1.2112860320090706,0.13115508513575708,0.10292887029288703,0.17443116359447003,0.3749306172291297
"frozenset({'Low_Poverty', 'Urban'})","frozenset({'Low_Unemployment', 'Low_Education'})",0.5010030090270813,0.5797392176529589,0.3294884653961886,0.6576576576576577,1.134402568658624,1.0,0.039037372901050194,1.227603864224252,0.23743374406277967,0.4385847797062751,0.18540497538110914,0.6129983790018392
"frozenset({'Low_Crime', 'Urban', 'Low_Education'})",frozenset({'Low_Unemployment'}),0.36258776328986964,0.7828485456369108,0.32196589769307926,0.8879668049792531,1.1342766234007884,1.0,0.038114594535864355,1.9382777963520181,0.18572100855165918,0.3909866017052376,0.4840780811284771,0.6496208144050654
"frozenset({'High_Unemployment', 'Medium_Poverty'})","frozenset({'Urban', 'Low_Education'})",0.1328986960882648,0.5295887662988967,0.07973921765295888,0.6000000000000001,1.1329545454545455,1.0,0.009357561148842716,1.1760280842527584,0.13533834586466165,0.1368330464716007,0.14968017057569308,0.375284090909091
"frozenset({'Low_Unemployment', 'Medium_Poverty'})",frozenset({'Low_Education'}),0.17251755265797392,0.7933801404212638,0.15496489468405217,0.8982558139534884,1.1321884279540175,1.0,0.01809289453113605,2.030778048431008,0.14109640090222622,0.19109461966604824,0.5075778956875142,0.5467890953458971
"frozenset({'Rural', 'Low_Unemployment'})",frozenset({'Low_Crime'}),0.1950852557673019,0.7557673019057172,0.16549648946840523,0.8483290488431877,1.1224738708648416,1.0,0.018057432075564733,1.6102799925199331,0.13555555555555573,0.210727969348659,0.37898998643391435,0.5336535755164844
frozenset({'Low_Poverty'}),"frozenset({'Low_Crime', 'Low_Education'})",0.6143430290872618,0.5646940822467402,0.3891675025075226,0.6334693877551021,1.1217921484757314,1.0,0.04225162951240885,1.187638639749985,0.2815177027335005,0.4926984126984126,0.1579930405341861,0.6613172871279951
"frozenset({'Low_Crime', 'Low_Education'})",frozenset({'Low_Poverty'}),0.5646940822467402,0.6143430290872618,0.3891675025075226,0.6891651865008881,1.1217921484757314,1.0,0.04225162951240885,1.2407135692792663,0.24940911682265196,0.4926984126984126,0.1940122001076344,0.6613172871279951
"frozenset({'Medium_Crime', 'Low_Unemployment'})",frozenset({'Low_Education'}),0.10030090270812438,0.7933801404212638,0.08926780341023069,0.8899999999999999,1.1217825537294561,1.0,0.009691059135279456,1.878362359806691,0.12066438690766973,0.1109725685785536,0.46762135922330045,0.5012579013906447
"frozenset({'Low_Poverty', 'Low_Crime', 'Urban'})","frozenset({'Low_Unemployment', 'Low_Education'})",0.44784353059177534,0.5797392176529589,0.2903711133400201,0.6483762597984323,1.1183929602405485,1.0,0.03073865528380526,1.1952002504328272,0.1917208253134612,0.3938775510204082,0.1633201217638114,0.5746206558507733
"frozenset({'Low_Poverty', 'Low_Unemployment', 'Low_Education'})",frozenset({'Urban'}),0.41675025075225675,0.7086258776328987,0.3294884653961886,0.7906137184115525,1.1156997554937265,1.0,0.03416845320314005,1.391562618891157,0.17779950293878624,0.41398865784499056,0.2813833984726946,0.6277909356388973
"frozenset({'Low_Crime', 'Low_Education'})","frozenset({'Low_Poverty', 'Low_Unemployment'})",0.5646940822467402,0.5927783350050151,0.3731193580742227,0.6607460035523979,1.1146595017626746,1.0,0.03838094021281496,1.200344488964275,0.23630518804816403,0.4757033248081842,0.16690582645748928,0.64509381395894
"frozenset({'Low_Poverty', 'Low_Unemployment'})","frozenset({'Low_Crime', 'Low_Education'})",0.5927783350050151,0.5646940822467402,0.3731193580742227,0.6294416243654822,1.1146595017626746,1.0,0.03838094021281496,1.174729668457427,0.2526020975687271,0.4757033248081842,0.14874032141102714,0.64509381395894
"frozenset({'Low_Crime', 'Rural'})",frozenset({'Low_Education'}),0.2291875626880642,0.7933801404212638,0.20210631895687062,0.8818380743982495,1.1114950191846455,1.0,0.02027345828860705,1.7486162190274526,0.13013653293209196,0.24633251833740827,0.428119224150751,0.5682894543925507
"frozenset({'Low_Poverty', 'Low_Education'})",frozenset({'Urban'}),0.4383149448345035,0.7086258776328987,0.3415245737211635,0.7791762013729978,1.0995593386679106,1.0,0.030923261258197887,1.3194869582841793,0.16120201384518576,0.4240348692403487,0.24212968250904915,0.6305647461217431
frozenset({'Low_Unemployment'}),frozenset({'Low_Crime'}),0.7828485456369108,0.7557673019057172,0.6504513540621866,0.8308776425368354,1.0993828926466156,1.0,0.05880002092536385,1.4441183398680892,0.41629377440567233,0.7323546019198193,0.3075359737545169,0.8457639705716692
frozenset({'Low_Crime'}),frozenset({'Low_Unemployment'}),0.7557673019057172,0.7828485456369108,0.6504513540621866,0.860650298606503,1.0993828926466156,1.0,0.05880002092536385,1.558320198691312,0.3701338897693144,0.7323546019198193,0.3582833612502701,0.8457639705716692
"frozenset({'Rural', 'Low_Unemployment'})",frozenset({'Low_Education'}),0.1950852557673019,0.7933801404212638,0.17001003009027083,0.8714652956298201,1.0984208593463092,1.0,0.015233262475490672,1.6075025075225684,0.11131879543094503,0.20772058823529416,0.37791698904335264,0.5428755049577672
"frozenset({'Low_Poverty', 'Low_Crime', 'Low_Unemployment', 'Low_Education'})",frozenset({'Urban'}),0.3731193580742227,0.7086258776328987,0.2903711133400201,0.7782258064516129,1.0982181585736135,1.0,0.025969080762850205,1.3138324063098383,0.1426652849740931,0.3669201520912547,0.23886791405252322,0.5939961304020273
"frozenset({'Rural', 'Low_Unemployment', 'Low_Education'})",frozenset({'Low_Crime'}),0.17001003009027083,0.7557673019057172,0.14042126379137412,0.8259587020648967,1.0928743542915753,1.0,0.011933242053140364,1.4033031297281673,0.10238886491152352,0.17879948914431673,0.28739558915278046,0.5058791519614464
"frozenset({'Low_Unemployment', 'Urban'})",frozenset({'Low_Crime'}),0.5877632898696088,0.7557673019057172,0.48495486459378134,0.8250853242320819,1.0917187369069485,1.0,0.040742588849799144,1.3962962056902415,0.2037983378497724,0.5648364485981309,0.28381958217406844,0.733378760324402
frozenset({'Low_Crime'}),"frozenset({'Low_Unemployment', 'Urban'})",0.7557673019057172,0.5877632898696088,0.48495486459378134,0.6416721964167219,1.0917187369069483,1.0,0.040742588849799144,1.1504457817898137,0.3439881595739485,0.5648364485981309,0.13077172707414056,0.733378760324402
"frozenset({'Low_Poverty', 'Low_Crime', 'Low_Education'})",frozenset({'Urban'}),0.3891675025075226,0.7086258776328987,0.29839518555667,0.7667525773195876,1.082027345488505,1.0,0.02262102254607351,1.2492061820821576,0.1241075740641083,0.3732747804265997,0.19949163369235376,0.5939212285040967
"frozenset({'Medium_Poverty', 'Low_Unemployment', 'Urban'})",frozenset({'Low_Education'}),0.09177532597793381,0.7933801404212638,0.07873620862587763,0.8579234972677595,1.0813523726623973,1.0,0.005923487614297243,1.454285934727258,0.0828342014652142,0.097636815920398,0.31237731444638944,0.47858248188293157
"frozenset({'Low_Crime', 'Low_Unemployment', 'Medium_Poverty'})",frozenset({'Low_Education'}),0.09829488465396188,0.7933801404212638,0.08425275827482448,0.8571428571428572,1.080368430558064,1.0,0.006267548885372273,1.4463390170511539,0.0824990730441232,0.10434782608695653,0.30859916782246904,0.48166877370417194
"frozenset({'Medium_Crime', 'Low_Unemployment', 'Urban'})",frozenset({'Low_Education'}),0.0757271815446339,0.7933801404212638,0.06469408224674023,0.8543046357615895,1.0767910516489314,1.0,0.004613640319152047,1.4181635816540543,0.07715765078003099,0.08042394014962594,0.2948627274480814,0.46792349360772273
"frozenset({'Low_Poverty', 'Rural'})",frozenset({'Low_Education'}),0.11334002006018054,0.7933801404212638,0.09679037111334002,0.8539823008849557,1.0763847711533512,1.0,0.006868650082645117,1.4150329777210418,0.0800354019646917,0.1195046439628483,0.2933026892344702,0.4879898862199747
"frozenset({'Medium_Poverty', 'Low_Crime', 'Urban'})",frozenset({'Low_Education'}),0.06720160481444333,0.7933801404212638,0.05717151454363089,0.8507462686567163,1.07230597958375,1.0,0.0038550958794135656,1.3843530591775315,0.0722882475004716,0.07116104868913857,0.27764092160556386,0.461403475668434
"frozenset({'Low_Crime', 'Rural', 'Low_Unemployment'})",frozenset({'Low_Education'}),0.16549648946840523,0.7933801404212638,0.14042126379137412,0.8484848484848484,1.0694556181281845,1.0,0.009119635737704579,1.363691073219658,0.07782451923076916,0.1715686274509804,0.2666960870844361,0.5127379994636632
"frozenset({'Low_Poverty', 'Rural', 'Low_Crime'})",frozenset({'Low_Education'}),0.10732196589769308,0.7933801404212638,0.09077231695085256,0.8457943925233645,1.0660644871628249,1.0,0.005625200576654735,1.3398984833287744,0.06942082065925875,0.11207430340557276,0.25367480264948744,0.4801032645296974
"frozenset({'Medium_Crime', 'Low_Unemployment'})",frozenset({'Urban'}),0.10030090270812438,0.7086258776328987,0.0757271815446339,0.7549999999999999,1.0654423213021937,1.0,0.004651366335717277,1.1892821321106168,0.06827024592645087,0.1032831737346101,0.15915662650602358,0.4309324133050247
frozenset({'High_Poverty'}),frozenset({'Low_Education'}),0.0802407221664995,0.7933801404212638,0.06770310932798396,0.8437500000000001,1.0634876738305943,1.0,0.004041713908022965,1.3223671013039124,0.06490569085988931,0.08400746733042938,0.2437803398058257,0.4645425094816688
frozenset({'Low_Unemployment'}),frozenset({'Urban'}),0.7828485456369108,0.7086258776328987,0.5877632898696088,0.7508007687379884,1.0595164422247336,1.0,0.033016552164014557,1.1692416581363623,0.25868218398505505,0.6503884572697002,0.14474480699405987,0.7901208373060076
frozenset({'Urban'}),frozenset({'Low_Unemployment'}),0.7086258776328987,0.7828485456369108,0.5877632898696088,0.8294409058740267,1.0595164422247336,1.0,0.033016552164014557,1.2731742946682358,0.19278723866700317,0.6503884572697002,0.21456158501803532,0.7901208373060076
"frozenset({'Low_Poverty', 'Rural', 'Low_Unemployment'})",frozenset({'Low_Education'}),0.10381143430290872,0.7933801404212638,0.08726178535606821,0.8405797101449276,1.059491745909599,1.0,0.004899855031493691,1.2960700282666184,0.06265557763927229,0.10773993808049537,0.2284367524975379,0.475283533959948
"frozenset({'Low_Crime', 'Rural'})","frozenset({'Low_Unemployment', 'Low_Education'})",0.2291875626880642,0.5797392176529589,0.14042126379137412,0.612691466083151,1.0568397780015597,1.0,0.007552245502807309,1.0850800990542246,0.06977414257830644,0.21005251312828208,0.07840904936730667,0.42745299947756166
frozenset({'Low_Crime'}),"frozenset({'Low_Unemployment', 'Low_Education'})",0.7557673019057172,0.5797392176529589,0.46238716148445336,0.6118115461181154,1.0553219921795174,1.0,0.024239217149945314,1.0826205111059672,0.21463918719683567,0.5295807007466972,0.07631530186100487,0.7046947003946978
"frozenset({'Low_Unemployment', 'Low_Education'})",frozenset({'Low_Crime'}),0.5797392176529589,0.7557673019057172,0.46238716148445336,0.7975778546712803,1.0553219921795174,1.0,0.024239217149945314,1.2065512777649186,0.12473661594851905,0.5295807007466972,0.17119146245283953,0.7046947003946978
"frozenset({'Low_Crime', 'Urban'})","frozenset({'Low_Unemployment', 'Low_Education'})",0.526579739217653,0.5797392176529589,0.32196589769307926,0.6114285714285714,1.0546613939693525,1.0,0.016686971647138005,1.0815534839813559,0.1094764771107239,0.4104859335038363,0.07540402318445277,0.5833959466139398
"frozenset({'Low_Crime', 'Low_Unemployment'})",frozenset({'Urban'}),0.6504513540621866,0.7086258776328987,0.48495486459378134,0.7455666923670008,1.0521302084782729,1.0,0.024028202963957024,1.1451885960913042,0.14174650110756817,0.5547905909351691,0.126781384818932,0.714963105560712
frozenset({'Urban'}),"frozenset({'Low_Crime', 'Low_Unemployment'})",0.7086258776328987,0.6504513540621866,0.48495486459378134,0.6843595187544231,1.0521302084782727,1.0,0.024028202963957024,1.1074265397088123,0.17004700735279696,0.5547905909351691,0.09700556728309859,0.714963105560712
"frozenset({'Low_Poverty', 'Low_Crime', 'Rural', 'Low_Unemployment'})",frozenset({'Low_Education'}),0.09929789368104312,0.7933801404212638,0.08274824473420261,0.8333333333333335,1.0503581963758957,1.0,0.003967267902000901,1.2397191574724182,0.05322939866369728,0.1021671826625387,0.1933656957928809,0.4688158449220397
"frozenset({'Urban', 'Low_Education'})",frozenset({'Low_Poverty'}),0.5295887662988967,0.6143430290872618,0.3415245737211635,0.6448863636363636,1.04971706864564,1.0,0.016175406862513286,1.0860100300902709,0.10068286634793289,0.42562500000000003,0.07919819127556449,0.6004023654916513
"frozenset({'Urban', 'Low_Education'})","frozenset({'Low_Poverty', 'Low_Unemployment'})",0.5295887662988967,0.5927783350050151,0.3294884653961886,0.6221590909090909,1.0495644900784495,1.0,0.015559718272168566,1.0777595945731933,0.10038846861582501,0.4155597722960152,0.07214929467084637,0.5889983271804338
"frozenset({'Low_Crime', 'Low_Education'})",frozenset({'Low_Unemployment'}),0.5646940822467402,0.7828485456369108,0.46238716148445336,0.8188277087033747,1.0459592896569694,1.0,0.020317220467822694,1.1985908706511688,0.10094015214370666,0.5223796033994333,0.1656869541675039,0.7047373649218347
frozenset({'Rural'}),frozenset({'Low_Crime'}),0.2913741223671013,0.7557673019057172,0.2291875626880642,0.7865748709122203,1.0407632996675298,1.0,0.00897652838153376,1.1443483676836963,0.05527138589620292,0.28019619865113427,0.12614023120937848,0.5449131819723676
"frozenset({'Low_Unemployment', 'Urban', 'Low_Education'})",frozenset({'Low_Crime'}),0.40972918756268806,0.7557673019057172,0.32196589769307926,0.7858017135862914,1.0397402899078068,1.0,0.012305975096804977,1.1402177962458806,0.06475224778133339,0.3816884661117717,0.12297457267159126,0.6059068289232055
"frozenset({'Medium_Crime', 'Low_Unemployment', 'Low_Education'})",frozenset({'Urban'}),0.08926780341023069,0.7086258776328987,0.06469408224674023,0.7247191011235956,1.022710465421408,1.0,0.0014366067108044361,1.0584610975784499,0.024382747669296292,0.08823529411764706,0.05523216461351041,0.4080071089482097
"frozenset({'Rural', 'Low_Education'})",frozenset({'Low_Crime'}),0.2637913741223671,0.7557673019057172,0.20210631895687062,0.7661596958174905,1.0137507853086105,1.0,0.0027414238704076277,1.0444422698991285,0.018424486649853723,0.24723926380368103,0.0425511980699715,0.5167892042458389
"frozenset({'Low_Unemployment', 'Low_Education'})",frozenset({'Urban'}),0.5797392176529589,0.7086258776328987,0.40972918756268806,0.7067474048442907,0.9973491332339105,1.0,-0.0010890243448500314,0.9935943523786698,-0.006284689161886827,0.46632420091324195,-0.006446944475876983,0.6424749055360872
frozenset({'Medium_Crime'}),frozenset({'Urban'}),0.1720160481444333,0.7086258776328987,0.12086258776328987,0.7026239067055393,0.9915301273679018,1.0,-0.001032435320002148,0.9798169016854482,-0.0102115443934767,0.15907590759075907,-0.020598846866015,0.43659150041575623
"frozenset({'Urban', 'Low_Education'})",frozenset({'Low_Unemployment'}),0.5295887662988967,0.7828485456369108,0.40972918756268806,0.7736742424242423,0.9882808708481353,1.0,-0.004858607920049052,0.9594641665582516,-0.024588119094167672,0.45388888888888884,-0.042248407866191356,0.6485283447867528
frozenset({'Low_Crime'}),frozenset({'Urban'}),0.7557673019057172,0.7086258776328987,0.526579739217653,0.6967485069674851,0.9832388697050002,1.0,-0.008976528381533733,0.9608332656613165,-0.0652437385863214,0.5614973262032087,-0.04076329966752968,0.71992414732663
frozenset({'Urban'}),frozenset({'Low_Crime'}),0.7086258776328987,0.7557673019057172,0.526579739217653,0.7430997876857749,0.9832388697050001,1.0,-0.008976528381533733,0.9506909157223734,-0.05527138589620274,0.5614973262032087,-0.05186657773011274,0.71992414732663
"frozenset({'Low_Crime', 'Low_Unemployment', 'Low_Education'})",frozenset({'Urban'}),0.46238716148445336,0.7086258776328987,0.32196589769307926,0.6963123644251628,0.9826233932510788,1.0,-0.005693610420026363,0.9594533600802407,-0.031845843497049976,0.37920850561134084,-0.042260146878185155,0.5753324030193754
"frozenset({'Medium_Crime', 'Low_Education'})",frozenset({'Urban'}),0.160481444332999,0.7086258776328987,0.10982948846539618,0.684375,0.9657776008492568,1.0,-0.003891815868870413,0.9231655362125979,-0.040499371859296585,0.14464993394980183,-0.08322934595524992,0.41968219214437363
frozenset({'Low_Education'}),frozenset({'Urban'}),0.7933801404212638,0.7086258776328987,0.5295887662988967,0.6675094816687738,0.9419772869409305,1.0,-0.03262093200363381,0.8763381398949701,-0.22965292311614935,0.5446106240330068,-0.14111203709546508,0.7074277769278051
frozenset({'Urban'}),frozenset({'Low_Education'}),0.7086258776328987,0.7933801404212638,0.5295887662988967,0.7473460721868365,0.9419772869409304,1.0,-0.03262093200363381,0.8177979316099556,-0.1745093765388747,0.5446106240330068,-0.22279595160060228,0.7074277769278051
frozenset({'Low_Education'}),frozenset({'Low_Crime'}),0.7933801404212638,0.7557673019057172,0.5646940822467402,0.7117572692793932,0.941767747142077,1.0,-0.034916685865017394,0.8473160710200778,-0.23033072193409498,0.5736118186449313,-0.18019713564043122,0.7294685483755957
frozenset({'Low_Crime'}),frozenset({'Low_Education'}),0.7557673019057172,0.7933801404212638,0.5646940822467402,0.7471798274717982,0.9417677471420769,1.0,-0.034916685865017394,0.8172601794885967,-0.2020250526781457,0.5736118186449313,-0.22360054374086016,0.7294685483755957
"frozenset({'Medium_Crime', 'Medium_Poverty'})",frozenset({'Urban'}),0.09929789368104312,0.7086258776328987,0.06619859578736209,0.6666666666666667,0.9407879216796414,1.0,-0.004166461269465363,0.874122367101304,-0.06531355711683574,0.08924949290060852,-0.14400458978772226,0.38004246284501064
"frozenset({'Rural', 'Low_Unemployment', 'Medium_Poverty'})",frozenset({'Low_Crime'}),0.08074222668004012,0.7557673019057172,0.05717151454363089,0.7080745341614907,0.9368949045242285,1.0,-0.003850820264202845,0.8366269019825433,-0.06826947514859133,0.07335907335907335,-0.1952759319958678,0.39186075745898025
"frozenset({'Urban', 'Low_Education'})","frozenset({'Low_Crime', 'Low_Unemployment'})",0.5295887662988967,0.6504513540621866,0.32196589769307926,0.6079545454545454,0.9346656620172425,1.0,-0.022505832442160978,0.891602343261669,-0.1293719639139486,0.375219170075979,-0.12157623581583425,0.5514714901520992
"frozenset({'Medium_Poverty', 'Medium_Crime', 'Low_Education'})",frozenset({'Urban'}),0.09779338014042126,0.7086258776328987,0.06469408224674023,0.6615384615384616,0.933551091512875,1.0,-0.004604837581953472,0.8608780888118903,-0.07312485022765378,0.0872210953346856,-0.161604660399841,0.3764167891556427
frozenset({'Low_Education'}),frozenset({'Low_Unemployment'}),0.7933801404212638,0.7828485456369108,0.5797392176529589,0.7307206068268015,0.9334124855942615,1.0,-0.04135727141303547,0.8064169032920356,-0.2566496542897721,0.5817815802717664,-0.2400533717952837,0.7356357678592688
frozenset({'Low_Unemployment'}),frozenset({'Low_Education'}),0.7828485456369108,0.7933801404212638,0.5797392176529589,0.740550928891736,0.9334124855942614,1.0,-0.04135727141303547,0.7963792612405114,-0.2472803938729535,0.5817815802717664,-0.2556831257035884,0.7356357678592688
"frozenset({'Rural', 'Medium_Poverty'})",frozenset({'Low_Crime'}),0.1334002006018054,0.7557673019057172,0.09327983951855567,0.699248120300752,0.9252161591769738,1.0,-0.007539670163952225,0.8120737211634907,-0.08531358676782784,0.11720226843100191,-0.23141529388152063,0.4113360707674961
"frozenset({'Low_Crime', 'Rural'})",frozenset({'Low_Unemployment'}),0.2291875626880642,0.7828485456369108,0.16549648946840523,0.7221006564551422,0.9224014791617896,1.0,-0.01392266066001413,0.7814032649128486,-0.09840072382489541,0.19549763033175357,-0.2797489400195069,0.466751801642049
"frozenset({'Medium_Poverty', 'Rural', 'Low_Unemployment', 'Low_Education'})",frozenset({'Low_Crime'}),0.07622868605817452,0.7557673019057172,0.05265797392176529,0.6907894736842105,0.9140240282191876,1.0,-0.00495317446823923,0.7898589385176806,-0.09241497109392613,0.06756756756756756,-0.266048849021939,0.3802321621904795
"frozenset({'Medium_Poverty', 'Rural', 'Low_Education'})",frozenset({'Low_Crime'}),0.1288866599799398,0.7557673019057172,0.08876629889669008,0.6887159533073931,0.9112804319143608,1.0,-0.00864202436798861,0.7845975426278838,-0.10052660834966784,0.11153119092627599,-0.27453878666336384,0.403083922240956
"frozenset({'Low_Crime', 'Low_Education'})",frozenset({'Urban'}),0.5646940822467402,0.7086258776328987,0.36258776328986964,0.6420959147424512,0.9061141217243083,1.0,-0.03756907633633094,0.8141123121224716,-0.19226195072978597,0.39812775330396477,-0.22833174871523654,0.5768865985601852
"frozenset({'Urban', 'Low_Education'})",frozenset({'Low_Crime'}),0.5295887662988967,0.7557673019057172,0.36258776328986964,0.6846590909090909,0.9059125595704892,1.0,-0.03765810973542494,0.774503691253942,-0.18085430194805197,0.3929347826086957,-0.291149430651484,0.5822101028533511
frozenset({'Low_Poverty'}),frozenset({'Low_Education'}),0.6143430290872618,0.7933801404212638,0.4383149448345035,0.713469387755102,0.899278103150236,1.0,-0.04909261384957281,0.7211091965354753,-0.22505937968407708,0.4521469218830832,-0.3867525262532199,0.6329673108181326
"frozenset({'Low_Crime', 'Low_Unemployment'})",frozenset({'Low_Education'}),0.6504513540621866,0.7933801404212638,0.46238716148445336,0.7108712413261372,0.8960033218737785,1.0,-0.05366802513860536,0.7146292209963222,-0.249276886054064,0.47112927950945316,-0.3993270504749574,0.6468389076415768
"frozenset({'Low_Crime', 'Rural', 'Low_Education'})",frozenset({'Low_Unemployment'}),0.20210631895687062,0.7828485456369108,0.14042126379137412,0.6947890818858561,0.8875140482257508,1.0,-0.017797374068041633,0.7114799683603656,-0.137073045058238,0.166270783847981,-0.40552094854411785,0.43708063959763654
"frozenset({'Low_Poverty', 'Low_Unemployment'})",frozenset({'Low_Education'}),0.5927783350050151,0.7933801404212638,0.41675025075225675,0.7030456852791878,0.8861397575516438,1.0,-0.053548307912705095,0.6957967920856585,-0.23984940553035916,0.42990170719089493,-0.4372012222167468,0.6141650676711994
"frozenset({'Low_Poverty', 'Low_Crime'})",frozenset({'Low_Education'}),0.5551654964894684,0.7933801404212638,0.3891675025075226,0.7009936766034327,0.8835533445937072,1.0,-0.05128977705433252,0.6910217056001842,-0.2285590680555276,0.40564558285415575,-0.4471325457591147,0.5957560039148643
"frozenset({'Low_Unemployment', 'Urban'})",frozenset({'Low_Education'}),0.5877632898696088,0.7933801404212638,0.40972918756268806,0.697098976109215,0.8786443478898702,1.0,-0.05659053388852614,0.68213655049656,-0.25096031586696105,0.42178626742385134,-0.4659821398986052,0.6067669343251512
"frozenset({'Rural', 'High_Unemployment'})",frozenset({'Low_Crime'}),0.09628886659979939,0.7557673019057172,0.06369107321965897,0.6614583333333334,0.8752142778146428,1.0,-0.009080903694030945,0.7214258159092662,-0.13626962560386482,0.0807888040712468,-0.38614390828199857,0.37286586208803363
"frozenset({'Low_Unemployment', 'Low_Poverty', 'Low_Crime'})",frozenset({'Low_Education'}),0.5391173520561685,0.7933801404212638,0.3731193580742227,0.692093023255814,0.8723346955575809,1.0,-0.05460564240364019,0.6710463717436297,-0.2410101570738746,0.38891792995295354,-0.49020997967938573,0.5811918972157705
"frozenset({'Rural', 'High_Unemployment', 'Low_Education'})",frozenset({'Low_Crime'}),0.09378134403209629,0.7557673019057172,0.06168505516549649,0.6577540106951871,0.8703128714838773,1.0,-0.009191818182732757,0.7136174147442326,-0.14121279094927522,0.07829408020369191,-0.40131109378603064,0.3696865607556891
"frozenset({'Low_Crime', 'Urban'})",frozenset({'Low_Education'}),0.526579739217653,0.7933801404212638,0.36258776328986964,0.6885714285714286,0.8678959725483114,1.0,-0.05519014415362439,0.663458264702364,-0.24329286545817405,0.37873232058669465,-0.507253814147018,0.5727939317319849
"frozenset({'Low_Poverty', 'Urban'})",frozenset({'Low_Education'}),0.5010030090270813,0.7933801404212638,0.3415245737211635,0.6816816816816816,0.8592119300083901,1.0,-0.05596126393221795,0.6490982381105579,-0.24719947472444712,0.358421052631579,-0.5405988512784633,0.5560747220039255
frozenset({'Rural'}),frozenset({'Low_Unemployment'}),0.2913741223671013,0.7828485456369108,0.1950852557673019,0.6695352839931153,0.8552551930059398,1.0,-0.03301655216401461,0.6571093488799733,-0.19278723866700348,0.22190530519110097,-0.5218167291402496,0.4593672576275634
"frozenset({'High_Unemployment', 'Medium_Poverty'})",frozenset({'Urban'}),0.1328986960882648,0.7086258776328987,0.0802407221664995,0.6037735849056604,0.8520343441626941,1.0,-0.01393473298531503,0.7353727850217316,-0.16685991356593238,0.1054018445322793,-0.3598545123891797,0.3585039191336511
"frozenset({'Low_Education', 'High_Unemployment', 'Medium_Poverty'})",frozenset({'Urban'}),0.13239719157472418,0.7086258776328987,0.07973921765295888,0.6022727272727273,0.8499163610628578,1.0,-0.014080858422811066,0.7325977933801403,-0.16911338263012907,0.10474308300395258,-0.36500547645125975,0.35739963327542945
"frozenset({'Low_Poverty', 'Low_Unemployment', 'Urban'})",frozenset({'Low_Education'}),0.4889669007021063,0.7933801404212638,0.3294884653961886,0.6738461538461539,0.8493357969464165,1.0,-0.05844816294419869,0.6335042864442384,-0.25767650727650726,0.34578947368421054,-0.5785212845407021,0.5445716230671983
"frozenset({'Low_Poverty', 'Low_Crime', 'Urban'})",frozenset({'Low_Education'}),0.44784353059177534,0.7933801404212638,0.29839518555667,0.6662933930571108,0.839816071906371,1.0,-0.056914977630987296,0.6191662235027227,-0.2567487074408522,0.31648936170212766,-0.6150751802041776,0.5211997938736881
"frozenset({'Low_Crime', 'Low_Unemployment', 'Urban'})",frozenset({'Low_Education'}),0.48495486459378134,0.7933801404212638,0.32196589769307926,0.6639089968976215,0.8368107078469389,1.0,-0.06278766087630994,0.6147735514235012,-0.27464410658100274,0.33665443104352394,-0.6266151946265601,0.53486221020608
"frozenset({'Low_Poverty', 'Low_Crime', 'Low_Unemployment', 'Urban'})",frozenset({'Low_Education'}),0.43981945837512537,0.7933801404212638,0.2903711133400201,0.660205245153934,0.8321423886453504,1.0,-0.0585729103056411,0.608072539766952,-0.26475647174781247,0.3079787234042553,-0.644540633890912,0.5130988299094575
"frozenset({'Rural', 'Low_Education'})",frozenset({'Low_Unemployment'}),0.2637913741223671,0.7828485456369108,0.17001003009027083,0.6444866920152093,0.8232584650085376,1.0,-0.03649866349298647,0.6108110427539304,-0.22577212448582076,0.19393592677345536,-0.6371675199114846,0.43082758687884104
"frozenset({'Medium_Crime', 'Urban'})",frozenset({'Low_Unemployment'}),0.12086258776328987,0.7828485456369108,0.0757271815446339,0.6265560165975104,0.8003540660444816,1.0,-0.018889919507771066,0.5814833389056057,-0.22102645596068402,0.09145972138098121,-0.7197397295717423,0.3616444400732587
"frozenset({'Low_Crime', 'Rural', 'Medium_Poverty'})",frozenset({'Low_Unemployment'}),0.09327983951855567,0.7828485456369108,0.05717151454363089,0.6129032258064515,0.7829141782562872,1.0,-0.015852472160714857,0.5609745904379804,-0.23418864391287889,0.06981016533986527,-0.7826119347388817,0.34296666735549997
"frozenset({'Low_Crime', 'Medium_Poverty'})",frozenset({'Low_Unemployment'}),0.160481444332999,0.7828485456369108,0.09829488465396188,0.6125,0.7823991031390135,1.0,-0.02733778064383724,0.5603908499692626,-0.24884615384615394,0.11632047477744807,-0.7844688221709006,0.369030269058296
"frozenset({'Rural', 'Medium_Poverty'})",frozenset({'Low_Unemployment'}),0.1334002006018054,0.7828485456369108,0.08074222668004012,0.6052631578947368,0.7731548602447823,1.0,-0.023689926348755386,0.5501170177198261,-0.2529323308270676,0.09663865546218489,-0.8177950650297802,0.3542010856738258
